等级,station
等级1,杭州东
等级1,南京南
等级1,上海虹桥
等级1,广州南
等级1,长沙南
等级1,义乌
等级1,石家庄
等级1,上饶
等级1,郑州东
等级1,郑州
等级1,沈阳北
等级1,常州
等级1,山海关
等级1,唐山
等级1,金华
等级1,无锡
等级1,武汉
等级1,苏州
等级1,天津
等级1,深圳北
等级1,徐州东
等级1,南昌西
等级1,温州南
等级1,宁波
等级1,西安北
等级1,南京
等级1,长春
等级1,沈阳
等级1,厦门北
等级1,徐州
等级1,合肥南
等级1,秦皇岛
等级1,济南西
等级1,成都东
等级1,商丘
等级1,衢州
等级1,北京西
等级1,济南
等级1,莆田
等级1,汉口
等级1,嘉兴南
等级1,长沙
等级1,上海
等级1,北京南
等级1,福州
等级1,南宁东
等级1,武昌
等级1,南昌
等级1,昆山南
等级1,九江
等级1,西安
等级1,福州南
等级1,兰州
等级1,镇江
等级1,宜春
等级1,广州
等级1,芜湖
等级1,蚌埠
等级1,湖州
等级1,四平
等级1,余姚北
等级1,柳州
等级1,潮汕
等级1,衡阳东
等级1,重庆西
等级1,广元
等级1,泉州
等级1,北京
等级1,天津西
等级1,桂林北
等级1,哈尔滨
等级1,阜阳
等级1,昆明南
等级1,漳州
等级1,宜昌东
等级1,锦州
等级1,贵阳北
等级1,佛山西
等级1,诸暨
等级1,怀化南
等级1,杭州南
等级1,南宁
等级1,蚌埠南
等级1,重庆北
等级1,衡阳
等级1,上海南
等级1,青岛北
等级1,宜兴
等级1,哈尔滨西
等级1,德州东
等级1,兖州
等级1,鹰潭北
等级1,衡水
等级1,洛阳
等级1,萍乡北
等级1,信阳
等级1,岳阳东
等级1,台州
等级1,金华南
等级1,信阳东
等级1,合肥
等级1,潍坊
等级1,泰山
等级1,辽阳
等级1,菏泽
等级1,汉中
等级1,杭州
等级1,赣州
等级1,洛阳龙门
等级1,德州
等级1,苏州北
等级1,吉安
等级1,六安
等级1,保定
等级1,兰州西
等级1,广州东
等级1,永州
等级1,昆明
等级1,锦州南
等级1,淄博
等级1,宣城
等级1,驻马店西
等级1,娄底南
等级1,铁岭
等级1,漯河西
等级1,丹阳
等级1,聊城
等级1,丽水
等级1,沧州
等级1,开封
等级1,邯郸
等级1,乌鲁木齐
等级1,宝鸡
等级1,鹰潭
等级1,郴州西
等级1,怀化
等级1,恩施
等级1,荆州
等级1,齐齐哈尔
等级1,贵港
等级1,韶关东
等级1,太原南
等级1,绵阳
等级1,湘潭
等级1,公主岭
等级1,潢川
等级1,华山北
等级1,邯郸东
等级1,葫芦岛
等级1,黄山北
等级1,新乡
等级1,三明北
等级1,溧水
等级1,保定东
等级1,鞍山
等级1,包头
等级1,温岭
等级1,韶关
等级1,惠州南
等级1,太原
等级1,宿州东
等级1,漯河
等级1,武威
等级1,凯里南
等级1,绍兴北
等级1,贵阳
等级1,天水
等级1,邢台
等级1,麻城
等级1,深圳
等级1,青岛
等级1,海宁
等级1,龙岩
等级1,张掖
等级1,大连
等级1,苍南
等级1,海城
等级1,襄阳
等级1,青田
等级1,安阳东
等级1,南平市
等级1,来宾北
等级1,曲阜东
等级1,长春西
等级1,滕州
等级1,安康
等级1,大连北
等级1,吉林
等级1,枣庄
等级1,肇庆东
等级1,常州北
等级1,梧州南
等级1,虎门
等级1,东莞东
等级1,茂名
等级1,宁德
等级1,镇江南
等级1,鄂州
等级1,邢台东
等级1,无锡东
等级1,江油
等级1,咸宁北
等级1,济南东
等级1,岳阳
等级1,盘锦
等级1,金州
等级1,深圳坪山
等级1,安阳
等级1,阳新
等级1,北戴河
等级1,株洲西
等级1,嘉峪关
等级1,永康南
等级1,绍兴东
等级1,株洲
等级1,缙云西
等级1,南阳
等级1,普宁
等级1,德阳
等级1,海口东
等级1,沟帮子
等级1,萍乡
等级1,哈密
等级1,渭南北
等级1,滁州北
等级1,驻马店
等级1,新乡东
等级1,滦县
等级1,江山
等级1,东莞西
等级1,平阳
等级1,成都
等级1,昌图
等级1,溧阳
等级1,枣庄西
等级1,昆山
等级1,百色
等级1,遵义
等级1,乐清
等级1,达州
等级1,新余北
等级1,沧州西
等级1,莱阳
等级1,四平东
等级1,绥中
等级1,许昌东
等级1,贵阳东
等级1,陇西
等级1,厦门
等级1,湘潭北
等级1,瓦房店
等级1,新余
等级1,呼和浩特东
等级1,晋江
等级1,葫芦岛北
等级1,德惠
等级1,东莞
等级1,宝鸡南
等级1,大石桥
等级1,全州南
等级1,湛江西
等级1,金昌
等级1,长兴
等级1,龙川
等级1,熊岳城
等级1,民权
等级1,牡丹江
等级1,兰考
等级1,集宁南
等级1,曲靖北
等级1,大同
等级1,瑞安
等级1,安顺西
等级1,泰安
等级1,滁州
等级1,福清
等级1,陆丰
等级1,鹤壁东
等级1,石家庄北
等级1,潜江
等级1,佳木斯
等级1,抚州
等级1,天津南
等级1,绥化
等级1,商丘南
等级1,娄底
等级1,庐山
等级1,六盘水
等级1,宿州
等级1,云霄
等级1,曲靖
等级1,渭南
等级1,饶平
等级1,三门峡
等级1,兴城
等级1,武义北
等级1,哈尔滨东
等级1,珠海
等级1,利川
等级1,定西
等级1,阳泉北
等级1,诏安
等级1,贺州
等级1,甘谷
等级1,祁东
等级1,宁海
等级1,淄博北
等级1,东安东
等级1,美兰
等级1,潍坊北
等级1,麻城北
等级1,开原
等级1,天水南
等级1,连云港
等级1,亳州
等级1,许昌
等级1,任丘
等级1,包头东
等级1,祁阳
等级1,孝感
等级1,潮阳
等级1,漳浦
等级1,西宁
等级1,大虎山
等级1,肇庆
等级1,桐乡
等级1,金寨
等级1,咸阳
等级1,阳江
等级1,柳园
等级1,阜阳西
等级1,向塘
等级1,呼和浩特
等级1,嘉善南
等级1,三门县
等级1,运城北
等级1,沈阳南
等级1,铁岭西
等级1,盘锦北
等级1,河源
等级1,海宁西
等级1,宾阳
等级1,大朗镇
等级1,仲恺
等级1,常平东
等级1,黄石北
等级1,通辽
等级1,绩溪北
等级1,吐鲁番北
等级1,常平南
等级1,寮步
等级1,东城南
等级1,樟木头东
等级1,沥林北
等级1,鞍山西
等级1,辛集
等级1,龙丰
等级1,惠环
等级1,云山
等级1,道滘
等级1,双城堡
等级1,池州
等级1,铜陵北
等级1,汉川
等级1,玉林
等级1,大庆西
等级1,肇东
等级1,杨陵南
等级1,临海
等级1,凯里
等级1,定州
等级1,蕲春
等级1,黄州
等级1,玉山南
等级1,绥中北
等级1,惠州
等级1,中卫
等级1,青州市
等级1,巢湖东
等级1,三亚
等级1,银川
等级1,扶余
等级1,白洋淀
等级1,海口
等级1,清河城
等级1,醴陵东
等级1,嘉善
等级1,禹城
等级1,桂平
等级1,衡水北
等级1,霸州
等级1,烟台
等级1,红安西
等级1,铜仁南
等级1,桂林西
等级1,三门峡南
等级1,酒泉
等级1,兴安北
等级1,藤县
等级1,十堰
等级1,涪陵北
等级1,温州
等级1,遂宁
等级1,汕尾
等级1,先锋
等级1,孝感北
等级1,武义
等级1,共青城
等级1,绥德
等级1,鹤壁
等级1,泰宁
等级1,尤溪
等级1,进贤南
等级1,淮南南
等级1,平果
等级1,平南南
等级1,白城
等级1,威海
等级1,吐鲁番
等级1,安达
等级1,滕州东
等级1,全椒
等级1,千岛湖
等级1,邹城
等级1,陇南
等级1,砀山
等级1,桂林
等级1,永康
等级1,北海
等级1,南通
等级1,福鼎
等级1,淮南
等级1,板塘
等级1,德清
等级1,宝丰
等级1,高安
等级1,建宁县北
等级1,盘州
等级1,霞浦
等级1,巢湖
等级1,樟树
等级1,金山北
等级1,丰城
等级1,余杭
等级1,松江南
等级1,邵阳北
等级1,淮北
等级1,武夷山北
等级1,唐山北
等级1,高密
等级1,蓝村
等级1,晏城
等级1,石柱县
等级1,巩义
等级1,古田北
等级1,观沙岭
等级1,大冶北
等级1,新化南
等级1,静海
等级1,都匀东
等级1,建始
等级1,香樟路
等级1,南充北
等级1,将乐
等级1,安庆
等级1,马鞍山东
等级1,松江
等级1,光山
等级1,烟台南
等级1,弋阳
等级1,定西北
等级1,胶州
等级1,合川
等级1,青州市北
等级1,仙桃西
等级1,抚州东
等级1,广水
等级1,牙克石
等级1,永城北
等级1,昌黎
等级1,天门南
等级1,长兴南
等级1,平原
等级1,丹东
等级1,巴东
等级1,泊头
等级1,田阳
等级1,临汾西
等级1,谷山
等级1,醴陵
等级1,景德镇北
等级1,铜陵
等级1,普者黑
等级1,张家口
等级1,汝州
等级1,扬州
等级1,琼海
等级1,小榄
等级1,益阳
等级1,新县
等级1,平原东
等级1,盐城
等级1,中山
等级1,荆门
等级1,仙游
等级1,奉化
等级1,塘沽
等级1,韶山南
等级1,缙云
等级1,枝江北
等级1,泰州
等级1,德清西
等级1,杨陵
等级1,连江
等级1,鲅鱼圈
等级1,云浮东
等级1,永修
等级1,普兰店
等级1,无为
等级2,溆浦南
等级2,海拉尔
等级2,盖州
等级2,武穴
等级2,磁窑
等级2,高碑店
等级2,内江北
等级2,本溪
等级2,兰考南
等级2,长流
等级2,延安
等级2,玉门
等级2,浠水
等级2,临河
等级2,汕头
等级2,开封北
等级2,陵水
等级2,万宁
等级2,宣威
等级2,常德
等级2,尖山
等级2,咸宁
等级2,罗源
等级2,海安
等级2,南岔
等级2,黄石
等级2,大理
等级2,东方
等级2,霸州西
等级2,即墨北
等级2,渑池南
等级2,呼兰
等级2,桐庐
等级2,肃宁
等级2,余姚
等级2,田东北
等级2,绍兴
等级2,福安
等级2,建瓯西
等级2,铁力
等级2,广南县
等级2,萧县北
等级2,徐水
等级2,苏家屯
等级2,香港西九龙
等级2,白沟
等级2,吴桥
等级2,福田
等级2,灵宝西
等级2,洞井
等级2,常平
等级2,丰都
等级2,石门县北
等级2,哈达铺
等级2,营口东
等级2,三水北
等级2,开福寺
等级2,富宁
等级2,万源
等级2,雁荡山
等级2,榆次
等级2,赤壁北
等级2,新沂
等级2,泰和
等级2,弥勒
等级2,合浦
等级2,荣成
等级2,梅河口
等级2,东乡
等级2,芦台
等级2,三水南
等级2,杜尔伯特
等级2,禹城东
等级2,长汀南
等级2,枣强
等级2,乌海
等级2,鄱阳
等级2,涡阳
等级2,南充
等级2,侯马西
等级2,日照西
等级2,永福南
等级2,于都
等级2,胜芳
等级2,隆安东
等级2,渭南西
等级2,庆安
等级2,随州
等级2,树木岭
等级2,齐齐哈尔南
等级2,深圳东
等级2,赤壁
等级2,玉山
等级2,扎兰屯
等级2,永泰
等级2,文昌
等级2,德安
等级2,永川东
等级2,张家界
等级2,芙蓉南
等级2,楚雄
等级2,漳平西
等级2,鼎湖东
等级2,恭城
等级2,西湖东
等级2,城固北
等级2,来宾
等级2,旌德
等级2,玉屏
等级2,明珠
等级2,明光
等级2,进贤
等级2,德惠西
等级2,资阳北
等级2,新化
等级2,南丰
等级2,蔡家坡
等级2,芷江
等级2,鄯善
等级2,永安南
等级2,辛集南
等级2,章丘北
等级2,綦江东
等级2,长寿北
等级2,济宁
等级2,广安
等级2,永嘉
等级2,歙县北
等级2,忻州
等级2,兴隆镇
等级2,瑞金
等级2,大庆
等级2,安顺
等级2,兴国
等级2,秦安
等级2,湘府路
等级2,汤原
等级2,白马井
等级2,富阳
等级2,朗乡
等级2,东光
等级2,渠县
等级2,绅坊
等级2,民权北
等级2,黎塘
等级2,南城
等级2,曹县
等级2,淮南东
等级2,介休东
等级2,邵阳
等级2,敦化
等级2,邹平
等级2,湖口
等级2,潼南
等级2,黄流
等级2,宁陵县
等级2,海城西
等级2,青县
等级2,钦州东
等级2,三江南
等级2,闽清北
等级2,扶余北
等级2,邳州
等级2,岷县
等级2,贵定北
等级2,太姥山
等级2,哈尔滨北
等级2,棋子湾
等级2,定州东
等级2,原平
等级2,鹿寨北
等级2,乐东
等级2,榆林
等级2,海林
等级2,砀山南
等级2,大旺
等级2,井冈山
等级2,黔江
等级2,青岛西
等级2,邵东
等级2,平顶山
等级2,郁南
等级2,霍州东
等级2,瑞昌西
等级2,南陵
等级2,临汾
等级2,临淄北
等级2,滦河
等级2,咸阳秦都
等级2,城西
等级2,广州北
等级2,青铜峡
等级2,大明湖
等级2,阳西
等级2,阳朔
等级2,樟木头
等级2,介休
等级2,石林西
等级2,罗山
等级2,景州
等级2,安陆
等级2,甘旗卡
等级2,涪陵
等级2,滨海西
等级2,平遥
等级2,恩平
等级2,三穗
等级2,南靖
等级2,吕梁
等级2,焦作
等级2,大庆东
等级2,高碑店东
等级2,平遥古城
等级2,涿州东
等级2,三明
等级2,新干
等级2,无锡新区
等级2,淮滨
等级2,齐河
等级2,台安
等级2,章丘
等级2,临高南
等级2,晋州
等级2,钟山西
等级2,定远
等级2,胶州北
等级2,大荔
等级2,吉首
等级2,冠豸山
等级2,商洛
等级2,凤城东
等级2,化德
等级2,桑根达来
等级2,祥云
等级2,汨罗东
等级2,廊坊
等级2,郓城
等级2,阿房宫
等级2,新晃西
等级2,山丹
等级2,泾县
等级2,息县
等级2,九台
等级2,尚志
等级2,武当山
等级2,太谷西
等级2,赣榆
等级2,桃村
等级2,内乡
等级2,东胜西
等级2,深圳机场
等级2,正镶白旗
等级2,惠农
等级2,宁强南
等级2,石嘴山
等级2,洋县西
等级2,灵宝
等级2,渭源
等级2,慈利
等级2,陆川
等级2,莱西
等级2,石河子
等级2,永济北
等级2,寿县
等级2,耒阳西
等级2,西安南
等级2,商城
等级2,桐梓东
等级2,湘乡
等级2,闻喜西
等级2,邓州
等级2,奎屯
等级2,巩义南
等级2,杨柳青
等级2,佛山
等级2,铜仁
等级2,唐河
等级2,乌拉特前旗
等级2,剑门关
等级2,开平南
等级2,昌图西
等级2,抚顺北
等级2,廊坊北
等级2,通化
等级2,广德
等级2,郑州西
等级2,南部
等级2,平湖
等级2,吴川
等级2,镇远
等级2,开原西
等级2,龙江
等级2,深圳西
等级2,衡山西
等级2,海石湾
等级2,镇平
等级2,宜宾西
等级2,亳州南
等级2,枣阳
等级2,宣汉
等级2,固始
等级2,六枝
等级2,乐山
等级2,泰来
等级2,水家湖
等级2,西峡
等级2,珠琳
等级2,林东
等级2,查布嘎
等级2,大板
等级2,岐山
等级2,云梦
等级2,如皋
等级2,柴沟堡
等级2,渑池
等级2,丹凤
等级2,葵潭
等级2,梅州西
等级2,萧县
等级2,石家庄东
等级2,隆昌北
等级2,临沂
等级2,清远
等级2,宣化
等级2,阿城
等级2,洪洞西
等级2,双城北
等级2,从江
等级2,陶赖昭
等级2,重庆
等级2,乐都
等级2,英德西
等级2,鲁山
等级2,湛江
等级2,万州
等级2,青白江东
等级2,辽中
等级2,当阳
等级2,灵石东
等级2,霍州
等级2,通渭
等级2,龙游
等级2,延吉西
等级2,顺德
等级2,电白
等级2,江宁
等级2,分宜
等级2,定边
等级2,溆浦
等级2,瑞昌
等级2,金山卫
等级2,肥东
等级2,依兰
等级2,台山
等级2,暮云
等级2,太谷
等级2,南召
等级2,太平川
等级2,资中北
等级2,商都
等级2,涟源
等级2,连云港东
等级2,丰镇
等级2,富拉尔基
等级2,彰武
等级2,信丰
等级2,老城镇
等级2,繁昌西
等级2,高台
等级2,瓦房店西
等级2,蒲城东
等级2,容桂
等级2,定南
等级2,大英东
等级2,德兴
等级2,开鲁
等级2,库尔勒
等级2,淮安东
等级2,洪洞
等级2,商南
等级2,宾州
等级2,苏州园区
等级2,卫辉
等级2,滨海港
等级2,西柳
等级2,蛟河西
等级2,正定机场
等级2,喀什
等级2,犀浦
等级2,碾子山
等级2,谷城
等级2,花园
等级2,带岭
等级2,秀山
等级2,清原
等级2,岚山西
等级2,西平
等级2,萨拉齐
等级2,富裕
等级2,虎门北
等级2,丹阳北
等级2,汤阴
等级2,高邑西
等级2,灵石
等级2,苍溪
等级2,偃师
等级2,鸡西
等级2,高密北
等级2,涿州
等级2,金月湾
等级2,都昌
等级2,阜新南
等级2,加格达奇
等级2,沙湾县
等级2,樟树东
等级2,讷河
等级2,博克图
等级2,华山
等级2,深州
等级2,尖峰
等级2,射阳
等级2,阳高
等级2,龙南
等级2,磐石
等级2,鄯善北
等级2,襄汾西
等级2,沙城
等级2,董家口
等级2,藁城南
等级2,浩良河
等级2,公主岭南
等级2,玉溪
等级2,古田会址
等级2,万州北
等级2,苇河
等级2,松原
等级2,瓦屋山
等级2,淮安
等级2,冷水江东
等级2,日照
等级2,桐柏
等级2,惠安
等级2,江油北
等级2,响水县
等级2,文登东
等级2,城固
等级2,侯马
等级2,北安
等级2,平度
等级2,阿克苏
等级2,运城
等级2,武胜
等级2,滨海北
等级2,嫩江
等级2,阳平关
等级2,饶阳
等级2,马踏
等级2,茶陵南
等级2,台前
等级2,中堂
等级2,峡江
等级2,库车
等级2,尚志南
等级2,东台
等级2,富县东
等级2,亚布力
等级2,临泽
等级2,河唇
等级2,海伦
等级2,新都东
等级2,旬阳
等级2,明港东
等级2,贵溪
等级2,洮南
等级2,息烽
等级2,龙嘉
等级2,怀集
等级2,祁县东
等级2,临清
等级2,伊宁
等级2,双辽
等级2,大安
等级2,长安
等级2,惠东
等级2,确山
等级2,东港北
等级2,广汉北
等级2,牟平
等级2,文水
等级2,张家界西
等级2,平邑
等级2,阜宁东
等级2,荣昌北
等级2,梁山
等级2,徐家店
等级2,周口
等级2,新郑机场
等级2,满洲里
等级2,武山
等级2,镇安
等级2,营山
等级2,汉阴
等级2,亭林
等级2,福泉
等级2,新桥
等级2,车墩
等级2,鲘门
等级2,农安
等级2,临沂东
等级2,唐家湾
等级2,遂溪
等级2,横道河子
等级2,卓资东
等级2,周口东
等级2,广通北
等级2,晋中
等级2,璧山
等级2,安图西
等级2,衡山
等级3,朝阳镇
等级3,谭家井
等级3,平凉
等级3,绥棱
等级3,酉阳
等级3,句容西
等级3,林口
等级3,盖州西
等级3,丰顺东
等级3,春申
等级3,子长
等级3,富源北
等级3,固原
等级3,惠山
等级3,大雁
等级3,青城山
等级3,虞城县
等级3,郴州
等级3,涵江
等级3,庄河北
等级3,罗江东
等级3,免渡河
等级3,大杨树
等级3,双流机场
等级3,金山园区
等级3,叶榭
等级3,焉耆
等级3,扎赉诺尔西
等级3,中山北
等级3,玉田县
等级3,海阳北
等级3,武功
等级3,绥芬河
等级3,苏州新区
等级3,沭阳
等级3,横峰
等级3,安仁
等级3,一面坡
等级3,五府山
等级3,曲阜
等级3,茂名西
等级3,嘉峪关南
等级3,经棚
等级3,鄂尔多斯
等级3,张掖西
等级3,博鳌
等级3,眉山东
等级3,山阴
等级3,龙洞堡
等级3,滨海
等级3,祁县
等级3,亚布力西
等级3,图们北
等级3,怀仁东
等级3,乌兰浩特
等级3,珞璜南
等级3,兴业
等级3,平安驿
等级3,揭阳
等级3,阜新
等级3,紫阳
等级3,福山镇
等级3,安化
等级3,义马
等级3,同心
等级3,旬阳北
等级3,叶柏寿
等级3,应县
等级3,文地
等级3,中宁
等级3,莒南
等级3,白银西
等级3,费县
等级3,葛店南
等级3,赤峰南
等级3,武隆
等级3,方正
等级3,廉江
等级3,武威南
等级3,靖边
等级3,沙河市
等级3,宁武
等级3,长治北
等级3,黄山
等级3,端州
等级3,四会
等级3,桐城
等级3,乌海西
等级3,黄村
等级3,简阳南
等级3,长葛
等级3,禄丰南
等级3,项城
等级3,敦煌
等级3,襄汾
等级3,穆棱
等级3,神树
等级3,沈丘
等级3,三门峡西
等级3,威海北
等级3,闻喜
等级3,康金井
等级3,绩溪县
等级3,石泉县
等级3,香兰
等级3,秀英
等级3,朔州
等级3,昂昂溪
等级3,威舍
等级3,角美
等级3,彭水
等级3,承德
等级3,昭山
等级3,怀仁
等级3,新和
等级3,榕江
等级3,狮山北
等级3,咸宁南
等级3,普湾
等级3,关林
等级3,阿图什
等级3,贵定
等级3,晋城
等级3,长治
等级3,成都西
等级3,长安西
等级3,西乡
等级3,梧州
等级3,道州
等级3,江华
等级3,武夷山
等级3,永登
等级3,兴义
等级3,精河南
等级3,朝阳南
等级3,绥阳
等级3,烟筒屯
等级3,大足南
等级3,桃村北
等级3,大孤山
等级3,耒阳
等级3,固镇
等级3,汾阳
等级3,揭阳机场
等级3,当涂东
等级3,兴宁
等级3,海林北
等级3,景德镇
等级3,灌南
等级3,光明城
等级3,兴平
等级3,武清
等级3,广宁
等级3,莒县
等级3,诸城
等级3,云东海
等级3,赶水东
等级3,双水镇
等级3,化州
等级3,上虞
等级3,庙山
等级3,阿城北
等级3,孝感东
等级3,延吉
等级3,海门
等级3,马鞍山
等级3,太和北
等级3,界首市
等级3,通远堡西
等级3,吴堡
等级3,关岭
等级3,戚墅堰
等级3,临城
等级3,双丰
等级3,白山市
等级3,燕郊
等级3,蛟河
等级3,麻阳
等级3,拉哈
等级3,南湖东
等级3,密山
等级3,青堆
等级3,五莲
等级3,察素齐
等级3,梁平南
等级3,酒泉南
等级3,汨罗
等级3,金城江
等级3,贵定县
等级3,龙市
等级3,新会
等级3,新立屯
等级3,靖州
等级3,都江堰
等级3,梅州
等级3,荷塘
等级3,白河东
等级3,建阳
等级3,太和东
等级3,古镇
等级3,瓜州
等级3,漳县
等级3,遵义南
等级3,昌乐
等级3,交城
等级3,涟水
等级3,黄冈东
等级3,鹤岗
等级3,轮台
等级3,雅安
等级3,虢镇
等级3,修文县
等级3,德令哈
等级3,镇赉
等级3,平山
等级3,林西
等级3,桃山
等级3,通北
等级3,新安县
等级3,临泉
等级3,源潭
等级3,五家
等级3,中川机场
等级3,九三
等级3,英德
等级3,汤逊湖
等级3,达拉特西
等级3,三源浦
等级3,上海西
等级3,庐江
等级3,定陶
等级3,乌苏
等级3,景泰
等级3,沂南
等级3,济源
等级3,太湖
等级3,清涧县
等级3,乐昌东
等级3,南华
等级3,牛河梁
等级3,朝天
等级3,徐闻
等级3,临颍
等级3,江永
等级3,零陵
等级3,龙里北
等级3,普安县
等级3,天镇
等级3,清河门北
等级3,融安
等级3,洪梅
等级3,子洲
等级3,莎车
等级3,辽源
等级3,贺胜桥东
等级3,本溪新城
等级3,高平
等级3,白奎堡
等级3,鼎湖山
等级3,高邑
等级3,江桥
等级3,新肇
等级3,勉县
等级3,攸县南
等级3,炎陵
等级3,融水
等级3,陇县
等级3,新民
等级3,银滩
等级3,安图
等级3,枫林
等级3,江宁西
等级3,隆回
等级3,五龙背东
等级3,巴楚
等级3,和田
等级3,洞口
等级3,宜州
等级3,郯城
等级3,正定
等级3,天祝
等级3,江门东
等级3,虎林
等级3,南朗
等级3,阳春
等级3,蓬安
等级3,苇河西
等级3,义县
等级3,东海县
等级3,防城港北
等级3,沂水
等级3,开江
等级3,兴国西
等级3,三都县
等级3,红果
等级3,山坡东
等级3,南宁西
等级3,拉萨
等级3,新塘南
等级3,阳澄湖
等级3,松滋
等级3,纸坊东
等级3,丽江
等级3,安广
等级3,东方红
等级3,迎春
等级3,克山
等级3,会昌北
等级3,梁平
等级3,长山屯
等级3,大营镇
等级3,巨野
等级3,凌源
等级3,那曲
等级3,神州
等级3,阳谷
等级3,沙坪坝
等级3,蓬溪
等级3,军粮城北
等级3,黄陵南
等级3,永济
等级3,青莲
等级3,彭山北
等级3,伊春
等级3,师宗
等级3,山市
等级3,富锦
等级3,赵光
等级3,吉安西
等级3,钟祥
等级3,松江河
等级3,白河
等级3,庆盛
等级3,西渡
等级3,双洋
等级3,林源
等级3,太阳升
等级3,立志
等级3,横道河子东
等级3,王岗
等级3,五原
等级3,广安南
等级3,草海
等级3,通道
等级3,明城
等级3,文登
等级3,潮州
等级3,格尔木
等级3,虎门东
等级3,灵武
等级3,应城
等级3,白河县
等级3,民乐
等级3,福利屯
等级3,北滘
等级3,黄冈
等级3,垫江
等级3,义县西
等级3,安江东
等级3,珠海北
等级3,双峰北
等级3,和硕
等级3,大余
等级3,临湘
等级3,米脂
等级3,宜城
等级3,城子坦
等级3,昭通
等级3,都匀
等级3,麻尾
等级3,沁县
等级3,承德南
等级3,乌奴耳
等级3,八面城
等级3,塔哈
等级3,普安
等级3,柳园南
等级3,兰州新区
等级3,枝城
等级3,泗水
等级3,桃源
等级3,大石头南
等级3,彭州
等级3,伊图里河
等级3,岳池
等级3,夏格庄
等级3,狮山
等级3,界首南
等级3,犍为
等级3,低窝铺
等级3,五女山
等级3,兴隆县
等级3,马兰
等级3,鹰手营子
等级3,红彦
等级3,黑河
等级3,孙吴
等级3,扶沟南
等级3,东边井
等级3,平庄北
等级3,天义
等级3,庄桥
等级3,奈曼
等级3,嘉祥
等级3,牙屯堡
等级3,临澧
等级3,石人城
等级3,叶城
等级3,烟筒山
等级3,临沂北
等级3,花园口
等级3,三河县
等级3,柴河
等级3,辰溪
等级3,岑溪
等级3,容县
等级3,皮口
等级3,帽儿山
等级3,嵩明
等级3,查干湖
等级3,沈家
等级3,柳河
等级3,新民北
等级3,邛崃
等级3,墨玉
等级3,黄梅
等级3,颍上
等级3,兰棱
等级3,会同
等级3,一面坡北
等级3,崇州
等级3,五大连池
等级3,轩岗
等级3,胜利镇
等级3,长沙西
等级3,泗阳
等级3,小岭
等级3,南杂木
等级3,阜宁
等级3,土地堂东
等级3,南丹
等级3,乌鲁木齐南
等级3,乐平市
等级3,高台南
等级3,完工
等级3,长寿湖
等级3,临泽南
等级3,张家口南
等级3,楚山
等级3,安口窑
等级3,安亭北
等级3,西丰
等级3,昆玉
等级3,克东
等级3,江都
等级3,宁东
等级3,平泉北
等级3,坪石
等级3,平泉
等级3,密云北
等级3,咸丰
等级3,嵯岗
等级3,阿克陶
等级3,向阳
等级3,横沟桥东
等级3,枣庄东
等级3,甘泉北
等级3,王府
等级3,蒙自
等级3,盐池
等级3,舒兰
等级3,淮北北
等级3,皋兰
等级3,京山
等级3,姜堰
等级3,株洲南
等级3,大丰
等级3,田心东
等级3,龙镇
等级3,玛纳斯
等级3,哈力图
等级3,赣州西
等级3,罗平
等级3,隆化
等级3,成都南
等级3,鸡东
等级3,北井子
等级3,沈丘北
等级3,根河
等级3,库都尔
等级3,东京城
等级3,伊拉哈
等级3,灯塔
等级3,成高子
等级3,施秉
等级3,张维屯
等级3,吐哈
等级3,杏树屯
等级3,阜南
等级3,南雄
等级3,丰顺
等级3,阳曲
等级3,巴林
等级3,元氏
等级3,宁国
等级3,宝林
等级3,月山
等级3,宋城路
等级3,徽县
等级3,两当
等级3,凤县
等级3,略阳
等级3,华蓥
等级3,祁门
等级3,皮山
等级3,勃利
等级3,小市
等级3,宿迁
等级3,前进镇
等级4,威岭
等级4,揭阳南
等级4,四合永
等级4,老莱
等级4,五常
等级4,东丰
等级4,三江县
等级4,朱家沟
等级4,高州
等级4,煤田
等级4,牧原
等级4,三家店
等级4,阳邑
等级4,磁山
等级4,井店
等级4,黎城
等级4,常山
等级4,始兴
等级4,龙山北
等级4,邵武
等级4,襄垣
等级4,乌尔旗汗
等级4,宋
等级4,建瓯
等级4,岩山
等级4,锡林浩特
等级4,乌兰察布
等级4,富源
等级4,图里河
等级4,元宝山
等级4,姚渡
等级4,永安乡
等级4,依安
等级4,北京东
等级4,通州西
等级4,乐昌
等级4,喀左
等级4,峨眉山
等级4,淮阳南
等级4,新邱
等级4,讷尔克气
等级4,邵阳西
等级4,敖汉
等级4,黑山北
等级4,下板城
等级4,高楞
等级4,大安北
等级4,乾安
等级4,五台山
等级4,代县
等级4,繁峙
等级4,宁安
等级4,襄河
等级4,鹤庆
等级4,朝阳
等级4,土溪
等级4,新友谊
等级4,郭家店
等级4,建水
等级4,顺德学院
等级4,张桥
等级4,石林
等级4,青神
等级4,恒地营
等级4,平昌
等级4,巴中
等级4,哈克
等级4,土贵乌拉
等级4,潞城
等级4,营口
等级4,西固
等级4,晨明
等级4,咸宁东
等级4,桦南
等级4,乌固诺尔
等级4,八方
等级4,双牌
等级4,富川
等级4,达拉滨
等级4,白涧
等级4,杨桥
等级4,榆社
等级4,南芬北
等级4,达坂城
等级4,深圳机场北
等级4,原平西
等级4,清水县
等级4,张家川
等级4,厚街
等级4,韩城
等级4,云梦东
等级4,蔡家沟
等级4,两家
等级4,大兴机场
等级4,信宜
等级4,雁石南
等级4,原林
等级4,河口南
等级4,平房
等级4,阿金
等级4,卫星
等级4,忻州西
等级4,松桃
等级4,潼关
等级4,迁安
等级4,灵丘
等级4,小河镇
等级4,西华
等级4,密山西
等级4,沟口
等级4,丹徒
等级4,石头
等级4,民和南
等级4,成吉思汗
等级4,五通
等级4,香坊
等级4,岭北
等级4,郫县西
等级4,屏边
等级4,河口北
等级4,河津
等级4,新绛
等级4,安靖
等级4,银浪
等级4,武安
等级4,岭南
等级4,四道湾
等级4,澧县
等级4,涉县
等级4,新晃
等级4,团结
等级4,秦家
等级4,安德
等级4,和平
等级4,长临河
等级4,复盛
等级4,田林
等级4,哈达阳
等级4,黄口
等级4,风陵渡
等级4,遂平
等级4,李家
等级4,洋河
等级4,灵璧
等级4,泗县
等级4,海东西
等级4,西岭口
等级4,承德县北
等级4,独山
等级4,新高峰
等级4,六合镇
等级4,杨岗
等级4,顺昌
等级4,吉文
等级4,喀喇其
等级4,甘河
等级4,郫县
等级4,红光镇
等级4,杨村
等级4,吉舒
等级4,东至
等级4,修武西
等级4,西麻山
等级4,春亭阁
等级4,绿潭
等级4,武陟
等级4,朱日和
等级4,二连
等级4,克拉玛依
等级4,夏邑县
等级4,三间房
等级4,鹤山
等级4,来凤
等级4,抚宁
等级4,神木
等级4,安多
等级4,喇嘛山
等级4,雅鲁
等级4,合肥北城
等级4,七台河
等级4,到保
等级4,石桥子
等级4,高头
等级4,承德东
等级4,歙县
等级4,阿尔山
等级4,新彦
等级4,扎罗木得
等级4,龙口市
等级4,蓬莱市
等级4,古城东
等级4,昌平北
等级4,抚远
等级4,换新天
等级4,黑水
等级4,茂林
等级4,怀柔
等级4,尚家
等级4,羊草
等级4,博尔塔拉
等级4,万乐
等级4,里木店
等级4,德兴东
等级4,开化
等级4,乔庄东
等级4,同江
等级4,凤凰城
等级4,拉林
等级4,黄河景区
等级4,白音察干
等级4,赛汗塔拉
等级4,榆树
等级4,大林
等级4,金宝屯
等级4,三阳
等级4,彭泽
等级4,孟家岗
等级4,新津
等级4,许家屯
等级4,威信
等级4,塔河
等级4,苍石
等级4,马三家
等级4,老边
等级4,章党
等级4,金山屯
等级4,美溪
等级4,东海
等级4,余江
等级4,东来
等级4,万发屯
等级4,万年
等级4,乌鲁布铁
等级4,大杨树东
等级4,裴德
等级4,北流
等级4,漠河
等级4,阿木尔
等级4,平坝南
等级4,下台子
等级4,新津南
等级4,怀柔北
等级4,畲江北
等级4,哈拉苏
等级4,石梯
等级4,泡子
等级4,随州南
等级4,泉阳
等级4,三十家
等级4,毛陈
等级4,顺义
等级4,罗城
等级4,四方台
等级4,绿博园
等级4,八仙筒
等级4,杏树
等级4,背荫河
等级4,黑台
等级4,柳林南
等级4,低庄
等级4,牛家
等级4,周家
等级4,稷山
等级4,哈拉海
等级4,孙家
等级4,合阳北
等级4,松青
等级4,米沙子
等级4,塔城
等级4,柞水
等级4,桐梓北
等级4,汤旺河
等级4,五营
等级4,红星
等级4,红山
等级4,笔架山
等级4,小寺沟
等级4,干塘
等级4,八面通
等级4,名山
等级4,松树镇
等级4,仙人桥
等级4,佛岭
等级4,嘉兴
等级4,虎尔虎拉
等级4,徘徊北
等级4,午汲
等级4,水洋
等级4,南峧
等级4,什里店
等级4,豆庄
等级4,新固镇
等级4,偏店
等级4,微子镇
等级4,康城
等级4,新林
等级4,白桦排
等级4,开阳
等级4,温江
等级4,亚河
等级4,青山
等级4,汇流河
等级4,襄阳东
等级4,凌海
等级4,南翔北
等级4,东胜东
等级4,克一河
等级4,步行街
等级4,界山
等级4,新青
等级4,友好
等级4,古城
等级4,富海
等级4,扎音河
等级4,朱砂古镇
等级4,滴道
等级4,五棵树
等级4,泥溪
等级4,温春
等级4,泾川
等级4,长庆桥
等级4,雁栖湖
等级4,霍林郭勒
等级4,观音机场
等级4,双鸭山
等级4,露水河
等级4,伊通
等级4,安家
等级4,门源
等级4,兰岗
等级4,冯屯
等级4,阳曲西
等级4,福利区
等级4,涞源
等级4,太平镇
等级4,通海
等级4,达连河
等级4,开安
等级4,双吉
等级4,霍尔果斯
等级4,锦界
等级4,双阳
等级4,蒙山
等级4,蜀河
等级4,宜良北
等级4,杨林
等级4,山河屯
等级4,小榆树
等级4,梨树镇
等级4,珠斯花
等级4,三汇镇
等级4,五叉沟
等级4,南江
等级4,圣浪
等级4,四棵树
等级4,滦平
等级4,索伦
等级4,潘家店
等级4,西大庙
等级4,洞庙河
等级4,北马圈子
等级4,上板城南
等级4,新杖子
等级4,南湾子
等级4,纪家沟
等级4,朝阳湖
等级4,丰乐镇
等级4,商河
等级4,阳信
等级4,利津南
等级4,洪河
等级4,寒葱沟
等级4,前锋
等级4,小东
等级4,阿尔山北
等级4,伊敏
等级4,下花园
等级4,东岔
等级4,许昌北
等级4,大通西
等级4,鲁河
等级4,水洞
等级4,集安
等级4,柯柯
等级4,通州
等级4,豆罗
等级4,漫流河
等级4,东莞港
等级4,沙井西
等级4,望牛墩
等级4,大关
等级4,盐津
等级4,宜宾
等级4,水富
等级4,悬钟
等级4,闵集
等级4,峨眉
等级4,乃林
等级4,二龙
等级4,沙海
等级4,汐子
等级4,朝中
等级4,乌兰
等级4,天棚
等级4,凌源东
等级4,小新街
等级4,霍邱
等级4,石磷
等级4,柳毛
等级4,丰城东
等级4,娄山关南
等级4,北京北
等级4,弯道
等级4,光明
等级4,朝阳村
等级4,青水山
等级4,五林
等级4,洛湾三江
等级4,古北口
等级4,中和
等级4,宾西北
等级4,沃皮
等级4,布海
等级4,上板城
等级4,扎鲁特
等级4,奈林皋
等级4,黄冈西
等级4,果松
等级4,九台南
等级4,左岭
等级4,睢宁
等级4,黄柏
等级4,东通化
等级4,东镇
等级4,齐哈日格图
等级4,土牧尔台
等级4,斗沟子
等级4,马莲河
等级4,沙园
等级4,华家
等级4,靖西
等级4,北京大兴
等级4,榆树沟
等级4,上谷
等级4,甲山
等级4,铁厂
等级4,彭州南
等级4,互助
等级4,兴和北
等级4,平社
等级4,和静
等级4,太原东
等级4,阿勒泰
等级4,北屯市
等级4,虎山
等级4,无为南
等级4,花山南
等级4,双流西
等级4,双柳
等级4,平洋
等级4,杨树岭
等级4,桦林
等级4,建桥
等级4,宝坻
等级4,西哲里木
等级4,通天屯
等级4,绕阳河
等级4,高山子
等级4,鹤北
等级4,宝泉岭
等级4,东明县
等级4,获嘉
等级4,宁乡
等级4,高滩
等级4,织金
等级4,口前
等级4,鹤立
等级4,南芬
等级4,江源
等级4,路口铺
等级4,费县北
等级4,泗水南
等级4,阳岔
等级4,平旺
等级4,香港红磡
等级4,天津北
等级4,兴凯
等级4,磨刀石
等级4,姚千户屯
等级4,阿巴嘎旗
等级4,大埔
等级4,和龙
等级4,龙井
等级4,汤池
等级4,大方
等级4,建湖
等级4,大民屯
等级4,芨岭
等级4,玉石
等级4,平原堡
等级4,许三湾
等级4,大石寨
等级4,中宁东
等级4,仙林
等级4,深井子
等级4,蔡家崖
等级4,汾河
等级4,娄烦
等级4,镇城底
等级4,白文东
等级4,钟家村
等级4,福海
等级4,葛根庙
等级4,滨州
等级4,临邑
等级4,东营南
等级4,湟源
等级4,申家店
等级4,倭肯
等级5,温根托海
等级5,昆都仑召
等级5,白云鄂博
等级5,北舍
等级5,纳雍
等级5,大兴
等级5,丰城南
等级5,天门
等级5,阳泉
等级5,卓资山
等级5,孤山
等级5,公积坂
等级5,美岱召
等级5,福生庄
等级5,陶思浩
等级5,民族
等级5,红砂坝
等级5,八苏木
等级5,旗下营
等级5,三道营
等级5,十八台
等级5,苏集
等级5,姑家堡
等级5,马盖图
等级5,哈达
等级5,孙镇
等级5,黄陵
等级5,蒲城
等级5,二井
等级5,辰清
等级5,西岗子
等级5,饮马峡
等级5,麻山
等级5,青龙
等级5,奎山
等级5,杨木
等级5,莫尔道嘎
等级5,得耳布尔
等级5,西乌旗
等级5,白音华南
等级5,金林
等级5,满归
等级5,金河
等级5,哈业胡同
等级5,碱柜
等级5,头道桥
等级5,乌拉山
等级5,杭锦旗
等级5,西小召
等级5,公庙子
等级5,四分滩
等级5,白彦花
等级5,大武口
等级5,攀枝花
等级5,凭祥
等级5,宁明
等级5,扶绥
等级5,平台
等级5,统军庄
等级5,张辛
等级5,庙城
等级5,六道河子
等级5,前苇塘
等级5,平凉南
等级5,白狼
等级5,阿贵图
等级5,德日斯图
等级5,七苏木
等级5,夏拉哈马
等级5,郭尔奔敖包
等级5,锡林呼都嘎
等级5,大陆号
等级5,宝拉格
等级5,楚鲁图
等级5,西里
等级5,贲红
等级5,白银哈尔
等级5,查干特格
等级5,芦家村
等级5,临江
等级5,柳树
等级5,桥头
等级5,乳山
等级5,中宁南
等级5,石坝
等级5,艾家村
等级5,褚家湾
等级5,六盘山
等级5,三营
等级5,李旺
等级5,大战场
等级5,七营
等级5,新李
等级5,长农
等级5,三关口
等级5,韩府湾
等级5,宣和
等级5,彭阳
等级5,王团庄
等级5,二营
等级5,沈家河
等级5,黄羊滩
等级5,土桥子
等级5,张兰
等级5,神头
等级5,百宜
等级5,金银潭
等级5,高村
等级5,林海
等级5,劲松
等级5,小扬气
等级5,碧州
等级5,井陉
等级5,娘子关
等级5,柳树泉
等级5,唐海南
等级5,下社
等级5,大营
等级5,东淤地
等级5,长发屯
等级5,花湖
等级5,驼腰岭
等级5,额济纳
等级5,黄羊镇
等级5,西固城
等级5,坡底下
等级5,龙沟
等级5,打柴沟
等级5,库伦
等级5,白音胡硕
等级5,营街
等级5,羊尾哨
等级5,小哨
等级5,车转湾
等级5,松河
等级5,玉舍
等级5,花家庄
等级5,白沙坡
等级5,茅草坪
等级5,发耳
等级5,月亮田
等级5,吴官田
等级5,沙沱
等级5,都格
等级5,马龙
等级5,白鸡坡
等级5,三家寨
等级5,盘关
等级5,平关
等级5,雨格
等级5,平田
等级5,柏果
等级5,照福铺
等级5,渡市
等级5,宏克力
等级5,老营
等级5,道清
等级5,内江
等级5,迤那
等级5,金钟
等级5,关寨
等级5,仙水
等级5,滥坝
等级5,高峰
等级5,化处
等级5,昭通南
等级5,凉水井
等级5,李子沟
等级5,南陈铺
等级5,北板桥
等级5,西阳村
等级5,晋城北
等级5,西武匠
等级5,赵庄
等级5,大辛庄
等级5,东坡
等级5,后寨
等级5,长子
等级5,东元庆
等级5,秦家庄
等级5,岢岚
等级5,神池
等级5,下马塘
等级5,祁家堡
等级5,刘家河
等级5,陈相屯
等级5,达家沟
等级5,博白
等级5,武乡
等级5,新绰源
等级5,忠工屯
等级5,塔尔气
等级5,猛洞河
等级5,秦岭
等级5,朝天南
等级5,宏庆
等级5,天岗
等级5,大石头
等级5,黄松甸
等级5,白石山
等级5,黄泥河
等级5,南河川
等级5,洛门
等级5,三阳川
等级5,鸳鸯镇
等级5,新阳镇
等级5,渭南镇
等级5,羊马
等级5,宁东南
等级5,红寺堡
等级5,柳家庄
等级5,峻德
等级5,加劳
等级5,六个鸡
等级5,桐木寨
等级5,水花
等级5,羊坪
等级5,蕉溪
等级5,宝老山
等级5,砚川
等级5,华容东
等级5,栟茶
等级5,如东
等级5,中寨
等级5,秧草地
等级5,新坪田
等级5,茂舍祖
等级5,江所田
等级5,威箐
等级5,陆良
等级5,西街口
等级5,小雨谷
等级5,宜耐
等级5,长坡岭
等级5,施家嘴
等级5,瓦窑田
等级5,小得江
等级5,乐善村
等级5,革居
等级5,王家营西
等级5,七甸
等级5,上西铺
等级5,班猫箐
等级5,芦沟
等级5,羊者窝
等级5,岔江
等级5,韦庄
等级5,黄羊湾
等级5,兰溪
等级5,南峪
等级5,寿阳
等级5,岩会
等级5,井南
等级5,东营
等级5,陵城
等级5,博兴
等级5,德保
等级5,郁山
等级5,泔溪
等级5,中嘴
等级5,龙池
等级5,白涛
等级5,鱼泉
等级5,洛碛
等级5,治安
等级5,新窝铺
等级5,余粮堡
等级5,嘎什甸子
等级5,三义井
等级5,小河沿
等级5,土门子
等级5,园墩
等级5,沙坡头
等级5,黑冲滩
等级5,察尔汗
等级5,鸟岛
等级5,锡铁山
等级5,哈尔盖
等级5,刚察
等级5,曹妃甸港
等级5,翠岗
等级5,濮阳
等级5,龙桥
等级5,大杖子
等级5,当雄
等级5,夏官营
等级5,甘草店
等级5,通安驿
等级5,李家坪
等级5,大西
等级5,兰州东
等级5,丰水村
等级5,红砂岘
等级5,兴泉堡
等级5,红岘台
等级5,营盘水
等级5,水源
等级5,朱家窑
等级5,汉寿
等级5,黄瓜园
等级5,师庄
等级5,新江
等级5,黑井
等级5,阿南庄
等级5,迤资
等级5,大湾子
等级5,花棚子
等级5,甸心
等级5,红江
等级5,建安
等级5,谢家镇
等级5,新立镇
等级5,流水沟
等级5,五道河
等级5,官高
等级5,猴山
等级5,虎什哈
等级5,白旗
等级5,张百湾
等级5,金沟屯
等级5,梁底下
等级5,滦河沿
等级5,刀尔登
等级5,建昌
等级5,金杖子
等级5,柳树屯
等级5,西斗铺
等级5,明安
等级5,营盘湾
等级5,包头西
等级5,包头北
等级5,老羊壕
等级5,坝梁
等级5,高家村
等级5,瓦窑坝
等级5,重庆南
等级5,日喀则
等级5,鸭园
等级5,古交
等级5,岚县
等级5,大屯
等级5,陶家屯
等级5,大方南
等级5,源迁
等级5,蔺家楼
等级5,南博山
等级5,黑旺
等级5,司家岭
等级5,范镇
等级5,莱芜东
等级5,南仇
等级5,常庄
等级5,吐列毛杜
等级5,通化县
等级5,灌水
等级5,石城
等级5,千河
等级5,亚布力南
等级5,八里甸子
等级5,铁刹山
等级5,大阳
等级5,朱石寨
等级5,打羊
等级5,学庄
等级5,峰洞
等级5,平安
等级5,平罗
等级5,暖泉
等级5,大磴沟
等级5,白芨沟
等级5,汝箕沟
等级5,下仓
等级5,长武
等级5,曾家坪子
等级5,敬梓场
等级5,王场
等级5,邓家湾
等级5,昭通北
等级5,滩头
等级5,岔河
等级5,盐津北
等级5,小儿坪
等级5,一步滩
等级5,临江溪
等级5,宜宾南
等级5,豆沙关
等级5,孔滩
等级5,横江
等级5,苍坪
等级5,沙沙坡
等级5,小关溪
等级5,俞冲
等级5,彝良
等级5,田梁子
等级5,西来
等级5,绿化
等级5,塘豹
等级5,双河市
等级5,崇左
等级5,濑湍
等级5,双子河
等级5,桐梓
等级5,三江
等级5,太白
等级5,娄山关
等级5,夏坝
等级5,蒙渡
等级5,赶水
等级5,綦江
等级5,镇紫街
等级5,松坝
等级5,新场
等级5,大河坝
等级5,七龙星
等级5,元田坝
等级5,红花园
等级5,木竹河
等级5,云居寺
等级5,三合庄
等级5,塔崖驿
等级5,大涧
等级5,紫荆关
等级5,艾河
等级5,大灰厂
等级5,浮图峪
等级5,十渡
等级5,燕山
等级5,孤山口
等级5,百里峡
等级5,小西庄
等级5,云彩岭
等级5,奇峰塔
等级5,南城司
等级5,平峪
等级5,王安镇
等级5,北屯
等级5,大盘石
等级5,野三坡
等级5,南观村
等级5,板城
等级5,良各庄
等级5,塔尔根
等级5,塔源
等级5,古源
等级5,新天
等级5,兰陵北
等级5,杜拉尔
等级5,巴日图
等级5,罕达盖
等级5,道劳杜
等级5,伊敏索木
等级5,德仁
等级5,辉河
等级5,曹妃甸东
等级5,偏岭
等级5,安塘
等级5,五寨
等级5,大青沟
等级5,长汀镇
等级5,敖头
等级5,拉古
等级5,锦和
等级5,梅江
等级5,寒岭
等级5,朱杨溪
等级5,安富镇
等级5,大足
等级5,金刚沱
等级5,油溪
等级5,临江场
等级5,广顺场
等级5,古家沱
等级5,荣昌
等级5,永川
等级5,黄磏
等级5,迎祥街
等级5,李市镇
等级5,峰高铺
等级5,江津
等级5,长河碥
等级5,柏林
等级5,白沙
等级5,茨坝
等级5,双石桥
等级5,平等
等级5,隆昌
等级5,三原
等级5,上仓
等级5,大口屯
等级5,曹子里
等级5,兑镇
等级5,孝西
等级5,阳泉曲
等级5,镜铁山
等级5,白银市
等级5,东湾
等级5,靖远西
等级5,长征
等级5,蒲坝
等级5,冕宁
等级5,枣子林
等级5,上普雄
等级5,铁口
等级5,攀枝花南
等级5,普雄
等级5,冕山
等级5,西昌南
等级5,乐跃
等级5,沙马拉达
等级5,德昌
等级5,尼波
等级5,月华
等级5,米易
等级5,永郎
等级5,新凉
等级5,红峰
等级5,瓦祖
等级5,西昌
等级5,联合乡
等级5,喜德
等级5,乐武
等级5,林家台
等级5,泉州东
等级5,腰栈
等级5,桥湾
等级5,漫水湾
等级5,苇子沟
等级5,牛心台
等级5,甘泉
等级5,前窑
等级5,魏杖子
等级5,九营
等级5,左家
等级5,超梁沟
等级5,大雅河
等级5,高谷
等级5,四家子
等级5,海龙
等级5,营北
等级5,宜春西
等级5,佳木斯西
等级5,元谋
等级5,崇信
等级5,柳毛沟
等级5,大口钦
等级5,周水子
等级5,小月旧
等级5,女儿河
等级5,龙华
等级5,宁村
等级5,柳沟
等级5,太阳沟
等级5,氡泉
等级5,西六方
等级5,哈尔巴岭
等级5,影壁山
等级5,马皇
等级5,张三营
等级5,靖宇
等级5,合阳
等级5,康庄
等级5,千阳
等级5,南口前
等级5,大荔北
等级5,郭磊庄
等级5,东戴河
等级5,世博园
等级5,眉山
等级5,甲猫
等级5,盐城北
等级5,松岭
等级5,章古台
等级5,广州西
等级5,艾不盖
等级5,峨边
等级5,泗洪
等级5,离堆公园
等级5,核桃园
等级5,鱼儿沟
等级5,北台
等级5,海湾
等级5,钱家店
等级5,高桥镇
等级5,茨冲
等级5,保家楼
等级5,卧里屯
等级5,龙爪沟
等级5,焦作东
等级5,励家
等级5,九郎山
等级5,明港
等级5,索图罕
等级5,北票南
等级5,上园
等级5,孔垄
等级5,汉源
等级5,尼木
等级5,石湖
等级5,盘山
等级5,大巴
等级5,宜昌
等级5,华容
等级5,那罗
等级5,磁县
等级5,白水县
等级5,鹿寨
等级5,尼勒克
等级5,新松浦
等级5,马桥河
等级5,楚雄南
等级5,永安
等级5,桥北
等级5,滨江
等级5,城阳
等级5,简阳
等级5,合肥西
等级5,民福寺
等级5,三元区
等级5,山湾子
等级5,鄂州东
等级5,狼尾山
等级5,公营子
等级5,宽甸
等级5,小山
等级5,东富
等级5,乾县
等级5,沈阳东
等级5,东南营子
等级5,沙河口
等级5,瓦拉干
等级5,伊尔施
等级5,王兆屯
等级5,望江
等级5,独立屯
等级5,王家湾
等级5,乌西
等级5,建设
等级5,红花沟
等级5,燕岗
等级5,尹地
等级5,燕家庄
等级5,松树林
等级5,田家沟
等级5,长汀
等级5,官厅西
等级5,白壁关
等级5,富县
等级5,前卫
等级5,北岗
等级5,汝阳
等级5,赤峰东
等级5,三十里堡
等级5,自贡
等级5,资阳
等级5,黄花筒
等级5,大扬气
等级5,大山铺
等级5,广宁寺
等级5,南阳东
等级5,东津
等级5,安溪
等级5,五道沟
等级5,沈阳西
等级5,庆阳山
等级5,罗江
等级5,盘古
等级5,陈官营
等级5,广汉
等级5,黄石东
等级5,桐子林
等级5,新乐
等级5,东沟门
等级5,洛阳东
等级5,长城
等级5,毛坝
等级5,龙塘坝
等级5,莱西北
等级5,小池口
等级5,临西
等级5,羊堡
等级5,近海
等级5,柳江
等级5,和什托洛盖
等级5,串子沟
等级5,杨树湾
等级5,王杨
等级5,七里河
等级5,菇园
等级5,田师府
等级5,上腰墩
等级5,羊臼河
等级5,任家店
等级5,亮甲店
等级5,贵定南
等级5,南洼
等级5,渠黎
等级5,高楼房
等级5,三道湖
等级5,沙后所
等级5,东大坝
等级5,西八里
等级5,韶山
等级5,清华园
等级5,吴家川
等级5,通沟
等级5,雁翅
等级5,花土坡
等级5,松树台
等级5,热水
等级5,范家屯
等级5,本溪湖
等级5,中台子
等级5,旺苍
等级5,漳州东
等级5,六合
等级5,大成
等级5,河间西
等级5,兴莲
等级5,神木南
等级5,棕溪
等级5,清河门
等级5,巨宝
等级5,水地
等级5,岳家井
等级5,四马架
等级5,乌审旗
等级5,石岭
等级5,石景山南
等级5,新保安
等级5,沁阳
等级5,嘉峰
等级5,清徐
等级5,江边村
等级5,敖力布告
等级5,大同南
等级5,松树
等级5,杜家
等级5,漳平
等级5,法启
等级5,天桥沟
等级5,青沟子
等级5,上万
等级5,杨家营
等级5,邵家堂
等级5,边沟
等级5,新开
等级5,八达岭
等级5,春阳
等级5,官字井
等级5,泽润里
等级5,庙宫
等级5,长寿
等级5,鹿道
等级5,太原北
等级5,一间堡
等级5,岫岩
等级5,枣林
等级5,牛庄
等级5,越西
等级5,许家台
等级5,歪头山
等级5,汤头沟
等级5,泥河子
等级5,沙县
等级5,北宅
等级5,干溪沟
等级5,大徐屯
等级5,古东
等级5,沐滂
等级5,石林南
等级5,皮口南
等级5,湾沟
等级5,平型关
等级5,文安
等级5,精河
等级5,东升
等级5,安龙
等级5,三把火
等级5,仁布
等级5,南台
等级5,中兴
等级5,永甸
等级5,安庆西
等级5,河洛营
等级5,闹海营
等级5,东胜
等级5,闽清
等级5,宣家沟
等级5,吴圩
等级5,康熙岭
等级5,小宋
等级5,水泉
等级5,礼泉
等级5,敖来
等级5,花楼坝
等级5,通远堡
等级5,天河街
等级5,沙河
等级5,茶卡
等级5,碧鸡关
等级5,望都
等级5,南宫东
等级5,东辛庄
等级5,昆阳
等级5,韩麻营
等级5,小姑家
等级5,定襄
等级5,桥西
等级5,光泽
等级5,平庄
等级5,元龙
等级5,巴中东
等级5,太平庄
等级5,风水沟
等级5,曹家营子
等级5,华城
等级5,淮安南
等级5,古田
等级5,资中
等级5,上杭
等级5,来舟
等级5,茄子溪
等级5,首山
等级5,曾口
等级5,黄土店
等级5,鲁番
等级5,东兴
等级5,仪征
等级5,旗下营南
等级5,北碚
等级5,惠州西
等级5,龙里
等级5,半截河
等级5,老府
等级5,弋江
等级5,李石寨
等级5,凤州
等级5,弓棚子
等级5,乐都南
等级5,兰岭
等级5,堡子湾
等级5,石峡子
等级5,卡伦
等级5,柴岗
等级5,沙岭
等级5,崇仁
等级5,阳城
等级5,葡萄菁
等级5,临川
等级5,毛坝关
等级5,十家子
等级5,河边
等级5,大坝
等级5,东庄
等级5,麻柳
等级5,庙岭
等级5,大营子
等级5,读书铺
等级5,长冲
等级5,赵城
等级5,疏勒
等级5,东戌
等级5,赫尔洪得
等级5,汇塘河
等级5,长阳
等级5,西贺村
等级5,官厅
等级5,前磨头
等级5,弥渡
等级5,那铺
等级5,刘家店
等级5,大元
等级5,八角台
等级5,曲水县
等级5,南桥
等级5,木头营子
等级5,古莲
等级5,前山
等级5,抚松
等级5,程家
等级5,八步
等级5,南张村
等级5,加南
等级5,尔赛河
等级5,兴和西
等级5,新寒岭
等级5,升昌
等级5,烟台西
等级5,蔡山
等级5,贵安
等级5,平安镇
等级5,杨家店
等级5,长垣
等级5,砬子河
等级5,荒沟西
等级5,大禾塘
等级5,汪清
等级5,阿拉山口
等级5,火连寨
等级5,铜罐驿
等级5,扎赉诺尔
等级5,通途
等级5,长春南
等级5,大平房
等级5,得莫利
等级5,塔石嘴
等级5,舍力虎
等级5,枕头峰
等级5,杭锦后旗
等级5,武夷山东
等级5,大其拉哈
等级5,老爷岭
等级5,龙骨甸
等级5,花博山
等级5,芦家庄
等级5,三水
等级5,图们
等级5,大苴
等级5,桃映
等级5,七泉湖
等级5,平顶山西
等级5,新贤城
等级5,羊圈子
等级5,孤山子
等级5,藁城
等级5,巴山
等级5,花桥
等级5,高各庄
等级5,燕子砭
等级5,阎良
等级5,石山
等级5,达布逊
等级5,彭山
等级5,兴安
等级5,中华门
等级5,呼鲁斯太
等级5,卢龙
等级5,平庄南
等级5,石场
等级5,石岘
等级5,杨杖子
等级5,大东
等级5,能家
等级5,北磴
等级5,十里坪
等级5,落坡岭
等级5,海晏
等级5,平岗
等级5,昂乃
等级5,田东
等级5,甘洛
等级5,孔家沟
等级5,瓢儿屯
等级5,庙庄
等级5,德伯斯
等级5,沙坨子
等级5,牛家营子
等级5,二密河
等级5,迎宾路
等级5,石脑
等级5,周家屯
等级5,咋子
等级5,棋盘
等级5,营城子
等级5,贾鲁河
等级5,招柏
等级5,长岭子
等级5,昆明西
等级5,芦溪
等级5,昭化
等级5,卫东
等级5,钟山
等级5,高花
等级5,板石河
等级5,澄城
等级5,中牟
等级5,亚复
等级5,二龙屯
等级5,长甸
等级5,资溪
等级5,宁家
等级5,大堡
等级5,苏尼特左旗
等级5,三井子
等级5,草市
等级5,孟庄
等级5,内江南
等级5,延庆
等级5,亭亮
等级5,盘龙城
等级5,翠峰
等级5,雷州
等级5,茅岭
等级5,永寿
等级5,布列开
等级5,豆张庄
等级5,攸县
等级5,兰家屯
等级5,南口
等级5,渠旧
等级5,厦门高崎
等级5,新兴县
等级5,落垡
等级5,八虎力
等级5,南平北
等级5,干沟
等级5,聂河
等级5,窑上
等级5,棠海
等级5,张台子
等级5,南木
等级5,绣峰
等级5,磁西
等级5,宝华山
等级5,图强
等级5,一面山
等级5,南大庙
等级5,渭南南
等级5,五龙背
等级5,鸽子洞
等级5,坂田
等级5,茶条沟
等级5,小董
等级5,赤峰
等级5,碱厂
等级5,嘎什吐
等级5,魏善庄
等级5,运粮河
等级5,苔青
等级5,王瞳
等级5,昌平
等级5,旧庄窝
等级5,姚安
等级5,丰广
等级5,新香坊北
等级5,三家子
等级5,黄家店
等级5,归流河
等级5,镇西
等级5,沙桥
等级5,南汤
等级5,达拉特旗
等级5,东营子
等级5,青溪
等级5,吴家屯
等级5,曲家店
等级5,海坨子
等级5,庆丰
等级5,银镇
等级5,麦园
等级5,锦河
等级5,铁佛寺
等级5,渭津
等级5,大拟
等级5,金坑
等级5,南平南
等级5,普定
等级5,坪上
等级5,修武
等级5,汉沽
等级5,舍伯吐
等级5,新帐房
等级5,衡南
等级5,靖远
等级5,桑园子
等级5,孤家子
等级5,大官屯
等级5,连湖
等级5,固安
等级5,创业村
等级5,壮志
等级5,白音他拉
等级5,魏家泉
等级5,泉水
等级5,乌海北
等级5,桓龙湖
等级5,白泉
等级5,台安南
等级5,长虹
等级5,松原北
等级5,桃园
等级5,马林
等级5,裕国
等级5,郭家屯
等级5,桦皮厂
等级5,芦潮港
等级5,新安
等级5,佟家
等级5,永乐店
等级5,双凤驿
等级5,土们岭
等级5,珠窝
等级5,姚家
等级5,忙罕屯
等级5,浑河
等级5,伊林
等级5,门达
等级5,庙阳
等级5,高林屯
等级5,贺家店
等级5,姜家
等级5,黄泥崴子
等级5,阿乌尼
等级5,桓台
等级5,广元南
等级5,丹东西
等级5,上安
等级5,西阳岔
等级5,南曹
等级5,星朗
等级5,旅顺
等级5,伊宁东
等级5,骆驼巷
等级5,长潭沟
等级5,竹园坝
等级5,大王滩
等级5,林盛堡
等级5,凤阳
等级5,崔黄口
等级5,喇嘛甸
等级5,江密峰
等级5,拉鲊
等级5,小村
等级5,皇姑屯
等级5,威虎岭北
等级5,百浪
等级5,哈日努拉
等级5,夹心子
等级5,金银川
等级5,福临堡
等级5,林子头
等级5,雅河
等级5,夏石
等级5,莱芜西
等级5,老岭
等级5,红寺堡北
等级5,五十家子
等级5,中卫南
等级5,河东机场
等级5,厉家寨
等级5,吴忠
等级5,天桥
等级5,宣化北
等级5,郏县
等级5,大治北
等级5,邓州东
等级5,碑木镇
等级5,华容南
等级5,八达岭长城
等级5,宁波东
等级5,太子城
等级5,清镇西
等级5,三堂集
等级5,蒙自北
等级5,钦州
等级5,抚顺
等级5,铁厂沟
等级5,后湖
等级5,玉溪西
等级5,乐山北
等级5,大连西
等级5,石人
等级5,祥云西
等级5,随县
等级5,春湾
等级5,丹江口
等级5,玛纳斯湖
等级5,欧里
等级5,向阳川
等级5,遵义西
等级5,六道河
等级5,方城
等级5,抚州北
等级5,芦庙
等级5,赣县北
等级5,东花园北
等级5,沙岭子
等级5,白马
等级5,万安县
等级5,安陆西
等级5,织金北
等级5,祁阳北
等级5,阜宁南
等级5,长葛北
等级5,灵武北
等级5,徐家
等级5,四合
等级5,商丘东
等级5,石桥
等级5,北营
等级5,瓦房
等级5,下花园北
等级5,石门县
等级5,海安县
等级5,叆河
等级5,牛车河
等级5,白云北
等级5,松江镇
等级5,十堰东
等级5,禹州
